participant_id,age,gender,age_num,gender_norm
55bb9ae7fdf99b26d27fda01,39,female,39,female
56514c84715ff50011a43878,39,female,39,female
5cb9ca6814b3cb0017e4f7dd,38,Male,38,male
5d4c78071b920f00198e8533,56,female,56,female
5e9cbc3999531a099492509f,26,male,26,male
5ea37c11733b42302b54b64c,61,female,61,female
5f0d2ad60ad0d6730c380b05,53,male,53,male
5fa4c21a04bc5912180291bc,44,Cis-Man,44,male
603006ea5f6c24dfc908f835,48,female,48,female
60e144a275d075549f49d12f,42,male,42,male
6158bb338b6122275bc191e3,26,Male,26,male
61bb396840db417c1a138e3d,43,Female,43,female
62dc761564191bc28a87e7c7,34,Male,34,male
63ae31ff5c725a41082afc56,54,female,54,female
63c1d184883ce15537788b40,49,male,49,male
63ffcb367b500c516d0648a2,40,male,40,male
6435768bb77e91c2a4546f1e,51,Female,51,female
644f162cac2c2b8aa0583b89,56,female,56,female
646ff124ef129159bf5f08f7,38,male,38,male
65c1512b51dc8b722a7fe306,37,Female,37,female
6621a2f38453311275d17d65,24,Female,24,female
6638068d9ab49383d1fe00ae,42,Female,42,female
663d8f0edfd87b4c1f590b99,31,man,31,male
66537b0010ca11939058e52b,52,Female,52,female
6691809035e52ca9b2b0f39a,66,Female,66,female
66b4c5d581010580d8d67618,31,female,31,female
66ba32b2a868595bbef88468,29,female,29,female
66cb244951abdf73420673a8,45,Male,45,male
670e8b28f1a48a783a00c341,29,Male,29,male
671498899f67df85f33ea053,49,female,49,female
672e5b801730efc4cb61259b,61,female,61,female
677c0682ec510c0693fc5790,49,female,49,female
6792c21092dba48f9c45aab7,27,male,27,male
6944565ececff7a71b83d5f3,37,Male,37,male
695fa6ec01e2a237370a83d2,40,female,40,female
695fb9573cce970ab9ff4a87,38,male,38,male
695ff63580d6ce826e06277f,40,Male,40,male
697ed59824964096e537d7d3,22,Male,22,male
699f134d7a5cda410bd5e6bb,55,female,55,female
69a3d3e76349941fe060b053,22,male,22,male
69a9dcac25a062cd320e83a1,32,Female,32,female
69aa333e1f57c2124c5706ad,20,Male,20,male
69b9174a05fa2db6d0a8b4ff,42,male,42,male
69baf81b058083cc0390f91a,22,Female,22,female
69bf654cd16e7351998e098a,27,woman,27,female
69c19681729c357296460f3d,49,Female,49,female
69c2cf612f3aaa621cd012c9,36,male,36,male
69c312e7e225af97496fb371,15,Female,15,female
69c6a0486205ad3699420312,34,female,34,female
